Workbook

Sheet Resumen
A1: Informe de calidad — Validador de geometrías de proveedores (EUDR)
A2: Archivo de entrada | B2: synthetic_planilla_proveedores.xlsx
A3: Fecha de generación | B3: 2026-09-10 16:40
A4: Commodity | B4: Madera (Cono Sur)
A5: Formato de referencia | B5: EUDR GeoJSON File Description v1.5 (Reglamento 2024/3084)
A7: Métrica | B7: Valor
A8: Parcelas evaluadas | B8: =COUNTA(Parcelas!A2:A16)
A9: Parcelas aptas para presentar tal cual | B9: =COUNTIF(Parcelas!F2:F16,"Apto")
A10: Parcelas con error bloqueante | B10: =COUNTIF(Parcelas!F2:F16,"Con error")
A11: Errores bloqueantes (total) | B11: =COUNTIF(Hallazgos!A2:A20,"ERROR")
A12: Advertencias (no bloqueantes) | B12: =COUNTIF(Hallazgos!A2:A20,"WARNING")
A13: Notas de conversión | B13: =COUNTIF(Hallazgos!A2:A20,"INFO")
A15: Qué significa "apto": la parcela no tiene ningún hallazgo de severidad Error bloqueante. El GeoJSON de salida incluye únicamente las parcelas aptas.

Sheet Hallazgos
A1: Severidad | B1: ParcelID | C1: Codigo | D1: Mensaje | E1: Referencia normativa
A2: ERROR | B2: MSNS-011-INVALIDISO | C2: COUNTRY_INVALID_ISO | D2: 'ZZ' no es un código ISO 3166-1 alpha-2 válido. | E2: EUDR GeoJSON File Description v1.5
A3: ERROR | B3: MSNS-006-LATLONSWAP | C3: COUNTRY_MISMATCH | D3: ProducerCountry='AR' no coincide con la ubicación real de la geometría (el centroide de la parcela cae fuera del país declarado, incluso con margen de tolerancia). | E3: EUDR GeoJSON File Description v1.5
A4: ERROR | B4: MSNS-014-SELFINTERSECT | C4: GEOM_SELF_INTERSECTION | D4: La secuencia de vértices produce una geometría inválida (auto-intersectada, tipo 'ocho'). Revisar el orden de los vértices. | E4: EUDR GeoJSON File Description v1.5
A5: ERROR | B5: MSNS-003-MISSINGLATLON | C5: ING_MISSING_LATLON | D5: Falta Latitude o Longitude. | E5: Producto 1 — esquema de entrada tabular
A6: ERROR | B6: MSNS-004-TWOVERTICES | C6: ING_TWO_VERTICES | D6: La parcela tiene exactamente 2 filas de vértices: no alcanza para un polígono (mínimo 3 vértices distintos) y no es un único punto. Revisar si falta un vértice o si se declaró de más. | E6: Producto 1 — esquema de entrada tabular
A7: ERROR | B7: MSNS-010-OVERLAP-A / MSNS-010-OVERLAP-B | C7: PARCELS_OVERLAP | D7: La parcela 'MSNS-010-OVERLAP-A' se superpone con 'MSNS-010-OVERLAP-B' en 7.170 ha. | E7: EUDR GeoJSON File Description v1.5
A8: ERROR | B8: MSNS-008-4HAVIOLATION | C8: RULE_4HA_VIOLATION | D8: Area declarada = 8.0 ha (> 4 ha) pero la geometría es un Point. Parcelas de más de 4 ha deben declararse como polígono, con vértices suficientes para describir el perímetro. | E8: Reglamento (UE) 2023/1115, Art. 9
A9: WARNING | B9: MSNS-013-AREAMISMATCH | C9: AREA_MISMATCH | D9: El área calculada de la geometría (14.94 ha) supera 4 ha pero el Area declarada (1.5 ha) no. Revisar cuál de los dos valores es correcto. | E9: EUDR GeoJSON File Description v1.5
A10: WARNING | B10: MSNS-007-PRECISION | C10: COORD_PRECISION | D10: La longitud tiene 14 decimales (máximo recomendado: 6). Más de 6 decimales puede generar coordenadas duplicadas por redondeo al procesarse en el sistema. | E10: EUDR GeoJSON File Description v1.5
A11: WARNING | B11: MSNS-007-PRECISION | C11: COORD_PRECISION | D11: La latitud tiene 14 decimales (máximo recomendado: 6). Más de 6 decimales puede generar coordenadas duplicadas por redondeo al procesarse en el sistema. | E11: EUDR GeoJSON File Description v1.5
A12: WARNING | B12: MSNS-005-INCONSISTENT | C12: ING_METADATA_INCONSISTENT | D12: La propiedad 'ProducerCountry' tiene valores distintos entre filas de la misma parcela (['AR', 'BR']); se usó el primero. | E12: Producto 1 — consistencia de metadatos por ParcelID
... A20: INFO | B20: MSNS-014-SELFINTERSECT | C20: ING_AUTOCLOSE | D20: El polígono se cerró automáticamente repitiendo el primer vértice al final (el archivo de origen no lo traía repetido, práctica habitual en planillas). | E20: Producto 1 — conversión tabular → GeoJSON

Sheet Parcelas
A1: ParcelID | B1: Tipo de geometria | C1: Area calculada (ha) | D1: Area declarada (ha) | E1: ProducerCountry | F1: Estado
A2: MSNS-001 | B2: Point | C2: 0 | D2: 1.8 | E2: AR | F2: =IF(COUNTIFS(Hallazgos!A:A,"ERROR",Hallazgos!B:B,"*"&A2&"*")>0,"Con error","Apto")
A3: MSNS-002 | B3: Polygon | C3: 4.281 | D3: 4.3 | E3: AR | F3: =IF(COUNTIFS(Hallazgos!A:A,"ERROR",Hallazgos!B:B,"*"&A3&"*")>0,"Con error","Apto")
A4: MSNS-005-INCONSISTENT | B4: Polygon | C4: 4.477 | D4: 4.5 | E4: AR | F4: =IF(COUNTIFS(Hallazgos!A:A,"ERROR",Hallazgos!B:B,"*"&A4&"*")>0,"Con error","Apto")
A5: MSNS-006-LATLONSWAP | B5: Point | C5: 0 | D5: 2 | E5: AR | F5: =IF(COUNTIFS(Hallazgos!A:A,"ERROR",Hallazgos!B:B,"*"&A5&"*")>0,"Con error","Apto")
A6: MSNS-007-PRECISION | B6: Point | C6: 0 | D6: 2 | E6: AR | F6: =IF(COUNTIFS(Hallazgos!A:A,"ERROR",Hallazgos!B:B,"*"&A6&"*")>0,"Con error","Apto")
A7: MSNS-008-4HAVIOLATION | B7: Point | C7: 0 | D7: 8 | E7: AR | F7: =IF(COUNTIFS(Hallazgos!A:A,"ERROR",Hallazgos!B:B,"*"&A7&"*")>0,"Con error","Apto")
A8: MSNS-009-NOAREA | B8: Point | C8: 0 | E8: AR | F8: =IF(COUNTIFS(Hallazgos!A:A,"ERROR",Hallazgos!B:B,"*"&A8&"*")>0,"Con error","Apto")
A9: MSNS-010-OVERLAP-A | B9: Polygon | C9: 11.948 | D9: 12 | E9: AR | F9: =IF(COUNTIFS(Hallazgos!A:A,"ERROR",Hallazgos!B:B,"*"&A9&"*")>0,"Con error","Apto")
A10: MSNS-010-OVERLAP-B | B10: Polygon | C10: 11.951 | D10: 12 | E10: AR | F10: =IF(COUNTIFS(Hallazgos!A:A,"ERROR",Hallazgos!B:B,"*"&A10&"*")>0,"Con error","Apto")
A11: MSNS-011-INVALIDISO | B11: Point | C11: 0 | D11: 2 | E11: ZZ | F11: =IF(COUNTIFS(Hallazgos!A:A,"ERROR",Hallazgos!B:B,"*"&A11&"*")>0,"Con error","Apto")
A12: MSNS-012-NOSPECIES | B12: Point | C12: 0 | D12: 2 | E12: AR | F12: =IF(COUNTIFS(Hallazgos!A:A,"ERROR",Hallazgos!B:B,"*"&A12&"*")>0,"Con error","Apto")
A13: MSNS-013-AREAMISMATCH | B13: Polygon | C13: 14.94 | D13: 1.5 | E13: AR | F13: =IF(COUNTIFS(Hallazgos!A:A,"ERROR",Hallazgos!B:B,"*"&A13&"*")>0,"Con error","Apto")
A14: MSNS-003-MISSINGLATLON | B14: (sin geometría válida) | F14: =IF(COUNTIFS(Hallazgos!A:A,"ERROR",Hallazgos!B:B,"*"&A14&"*")>0,"Con error","Apto")
A15: MSNS-004-TWOVERTICES | B15: (sin geometría válida) | F15: =IF(COUNTIFS(Hallazgos!A:A,"ERROR",Hallazgos!B:B,"*"&A15&"*")>0,"Con error","Apto")
A16: MSNS-014-SELFINTERSECT | B16: (sin geometría válida) | F16: =IF(COUNTIFS(Hallazgos!A:A,"ERROR",Hallazgos!B:B,"*"&A16&"*")>0,"Con error","Apto")
