Workbook

Sheet Summary
A1: Quality report: EUDR supplier geometry validator
A2: Input file | B2: synthetic_planilla_proveedores.xlsx
A3: Generated | B3: 2026-10-22 11:14
A4: Commodity | B4: Wood (Southern Cone)
A5: Reference format | B5: EUDR GeoJSON File Description v1.5 (Regulation 2024/3084)
A7: Metric | B7: Value
A8: Parcels evaluated | B8: =COUNTA(Parcels!A2:A16)
A9: Parcels ready to submit as-is | B9: =COUNTIF(Parcels!F2:F16,"Ready")
A10: Parcels with blocking error | B10: =COUNTIF(Parcels!F2:F16,"Has error")
A11: Blocking errors (total) | B11: =COUNTIF(Findings!A2:A20,"ERROR")
A12: Warnings (non-blocking) | B12: =COUNTIF(Findings!A2:A20,"WARNING")
A13: Conversion notes | B13: =COUNTIF(Findings!A2:A20,"INFO")
A15: What "ready" means: the parcel has no finding of severity Blocking error. The output GeoJSON contains only the ready parcels.

Sheet Findings
A1: Severity | B1: ParcelID | C1: Code | D1: Message | E1: Regulatory reference
A2: ERROR | B2: MSNS-011-INVALIDISO | C2: COUNTRY_INVALID_ISO | D2: 'ZZ' is not a valid ISO 3166-1 alpha-2 code. | E2: EUDR GeoJSON File Description v1.5
A3: ERROR | B3: MSNS-006-LATLONSWAP | C3: COUNTRY_MISMATCH | D3: ProducerCountry='AR' does not match the actual location of the geometry (the parcel centroid falls outside the declared country, even with a tolerance margin). | E3: EUDR GeoJSON File Description v1.5
A4: ERROR | B4: MSNS-014-SELFINTERSECT | C4: GEOM_SELF_INTERSECTION | D4: The vertex sequence produces an invalid geometry (self-intersecting, figure-eight shape). Check the vertex order. | E4: EUDR GeoJSON File Description v1.5
A5: ERROR | B5: MSNS-003-MISSINGLATLON | C5: ING_MISSING_LATLON | D5: Latitude or Longitude is missing. | E5: Product 1: tabular input schema
A6: ERROR | B6: MSNS-004-TWOVERTICES | C6: ING_TWO_VERTICES | D6: The parcel has exactly 2 vertex rows: not enough for a polygon (minimum 3 distinct vertices) and not a single point. Check whether a vertex is missing or one was declared too many. | E6: Product 1: tabular input schema
A7: ERROR | B7: MSNS-010-OVERLAP-A / MSNS-010-OVERLAP-B | C7: PARCELS_OVERLAP | D7: Parcel 'MSNS-010-OVERLAP-A' overlaps with 'MSNS-010-OVERLAP-B' by 7.170 ha. | E7: EUDR GeoJSON File Description v1.5
A8: ERROR | B8: MSNS-008-4HAVIOLATION | C8: RULE_4HA_VIOLATION | D8: Declared Area = 8.0 ha (> 4 ha) but the geometry is a Point. Parcels larger than 4 ha must be declared as a polygon, with enough vertices to describe the perimeter. | E8: Regulation (EU) 2023/1115, Art. 9
A9: WARNING | B9: MSNS-013-AREAMISMATCH | C9: AREA_MISMATCH | D9: The computed area of the geometry (14.94 ha) exceeds 4 ha but the declared Area (1.5 ha) does not. Check which of the two values is correct. | E9: EUDR GeoJSON File Description v1.5
A10: WARNING | B10: MSNS-007-PRECISION | C10: COORD_PRECISION | D10: The longitude has 14 decimal places (recommended maximum: 6). More than 6 decimals can produce duplicate coordinates through rounding when processed by the system. | E10: EUDR GeoJSON File Description v1.5
A11: WARNING | B11: MSNS-007-PRECISION | C11: COORD_PRECISION | D11: The latitude has 14 decimal places (recommended maximum: 6). More than 6 decimals can produce duplicate coordinates through rounding when processed by the system. | E11: EUDR GeoJSON File Description v1.5
A12: WARNING | B12: MSNS-005-INCONSISTENT | C12: ING_METADATA_INCONSISTENT | D12: The property 'ProducerCountry' has different values across rows of the same parcel (['AR', 'BR']); the first one was used. | E12: Product 1: metadata consistency per ParcelID
... A20: INFO | B20: MSNS-014-SELFINTERSECT | C20: ING_AUTOCLOSE | D20: The polygon was closed automatically by repeating the first vertex at the end (the source file did not repeat it, which is common practice in spreadsheets). | E20: Product 1: tabular to GeoJSON conversion

Sheet Parcels
A1: ParcelID | B1: Geometry type | C1: Computed area (ha) | D1: Declared area (ha) | E1: ProducerCountry | F1: Status
A2: MSNS-001 | B2: Point | C2: 0 | D2: 1.8 | E2: AR | F2: =IF(COUNTIFS(Findings!A:A,"ERROR",Findings!B:B,"*"&A2&"*")>0,"Has error","Ready")
A3: MSNS-002 | B3: Polygon | C3: 4.281 | D3: 4.3 | E3: AR | F3: =IF(COUNTIFS(Findings!A:A,"ERROR",Findings!B:B,"*"&A3&"*")>0,"Has error","Ready")
A4: MSNS-005-INCONSISTENT | B4: Polygon | C4: 4.477 | D4: 4.5 | E4: AR | F4: =IF(COUNTIFS(Findings!A:A,"ERROR",Findings!B:B,"*"&A4&"*")>0,"Has error","Ready")
A5: MSNS-006-LATLONSWAP | B5: Point | C5: 0 | D5: 2 | E5: AR | F5: =IF(COUNTIFS(Findings!A:A,"ERROR",Findings!B:B,"*"&A5&"*")>0,"Has error","Ready")
A6: MSNS-007-PRECISION | B6: Point | C6: 0 | D6: 2 | E6: AR | F6: =IF(COUNTIFS(Findings!A:A,"ERROR",Findings!B:B,"*"&A6&"*")>0,"Has error","Ready")
A7: MSNS-008-4HAVIOLATION | B7: Point | C7: 0 | D7: 8 | E7: AR | F7: =IF(COUNTIFS(Findings!A:A,"ERROR",Findings!B:B,"*"&A7&"*")>0,"Has error","Ready")
A8: MSNS-009-NOAREA | B8: Point | C8: 0 | E8: AR | F8: =IF(COUNTIFS(Findings!A:A,"ERROR",Findings!B:B,"*"&A8&"*")>0,"Has error","Ready")
A9: MSNS-010-OVERLAP-A | B9: Polygon | C9: 11.948 | D9: 12 | E9: AR | F9: =IF(COUNTIFS(Findings!A:A,"ERROR",Findings!B:B,"*"&A9&"*")>0,"Has error","Ready")
A10: MSNS-010-OVERLAP-B | B10: Polygon | C10: 11.951 | D10: 12 | E10: AR | F10: =IF(COUNTIFS(Findings!A:A,"ERROR",Findings!B:B,"*"&A10&"*")>0,"Has error","Ready")
A11: MSNS-011-INVALIDISO | B11: Point | C11: 0 | D11: 2 | E11: ZZ | F11: =IF(COUNTIFS(Findings!A:A,"ERROR",Findings!B:B,"*"&A11&"*")>0,"Has error","Ready")
A12: MSNS-012-NOSPECIES | B12: Point | C12: 0 | D12: 2 | E12: AR | F12: =IF(COUNTIFS(Findings!A:A,"ERROR",Findings!B:B,"*"&A12&"*")>0,"Has error","Ready")
A13: MSNS-013-AREAMISMATCH | B13: Polygon | C13: 14.94 | D13: 1.5 | E13: AR | F13: =IF(COUNTIFS(Findings!A:A,"ERROR",Findings!B:B,"*"&A13&"*")>0,"Has error","Ready")
A14: MSNS-003-MISSINGLATLON | B14: (no valid geometry) | F14: =IF(COUNTIFS(Findings!A:A,"ERROR",Findings!B:B,"*"&A14&"*")>0,"Has error","Ready")
A15: MSNS-004-TWOVERTICES | B15: (no valid geometry) | F15: =IF(COUNTIFS(Findings!A:A,"ERROR",Findings!B:B,"*"&A15&"*")>0,"Has error","Ready")
A16: MSNS-014-SELFINTERSECT | B16: (no valid geometry) | F16: =IF(COUNTIFS(Findings!A:A,"ERROR",Findings!B:B,"*"&A16&"*")>0,"Has error","Ready")
